dummy,c1,c2,c3,c4
r1,0.33772,0.38974,0.94205,0.35316
r2,0.90005,0.24169,0.95613,0.82119
r3,0.36925,0.40391,0.57521,0.015403
r4,0.1112,0.096455,0.05978,0.043024
